source,author,title,description,url,urlToImage,publishedAt,content,sentiment,risk_level,risk_factor
"{'id': None, 'name': 'Makezine.com'}",Dale Dougherty,I’m 3D Printing Chocolate,"Ellie Weinstein founded Cocoa Press, a company that manufactures printers that 3D print chocolate.
The post I’m 3D Printing Chocolate appeared first on Make: DIY Projects and Ideas for Makers.",https://makezine.com/article/digital-fabrication/3d-printing-workshop/im-3d-printing-chocolate/,https://i0.wp.com/makezine.com/wp-content/uploads/2024/12/Cocoa20press204.jpg?fit=1600%2C1066&ssl=1,2024-12-23T22:31:00Z,"A Conversation with Ellie Weinstein of Cocoa Press
Ellie Weinstein of Cocoa Press (photo credit: Penn Engineering)
In this episode of Make:Cast, I talk with Ellie Weinstein, founder and CEO of Coco… [+43192 chars]",0.0,Medium Risk,None
"{'id': 'business-insider', 'name': 'Business Insider'}",Sinéad Baker,Britain's most-loved chocolate brand was stripped of its royal seal of approval,"Cadbury, a storied chocolate maker owned by US company Mondelez, has lost its Royal Warrant from the British monarchy, which it's held since 1854.",https://www.businessinsider.com/cadbury-chocolate-loses-royal-warrants-seal-of-approval-mondelez-queen-2024-12,https://i.insider.com/67694dfce3e473ef263ab7a6?width=1200&format=jpeg,2024-12-23T14:20:07Z,"Cholocate brand Cadbury has lost its Royal Warrant, held since 1854.Sebastian Gollnow/picture alliance via Getty Images
<ul><li>Cholocate brand Cadbury has lost its royal warrant, which signified it… [+3133 chars]",0.0,Medium Risk,None
"{'id': 'business-insider', 'name': 'Business Insider'}",Anneta Konstantinides,A world-renowned chocolatier shares the 2 store-bought chocolate brands he buys for himself,"Christophe Rull, a chocolatier and the executive pastry chef at LA's iconic Hotel Bel-Air, swears by Läderach, a family-owned Swiss chocolate company.",https://www.businessinsider.com/best-store-bought-chocolate-brands-chocolatier-2024-12,https://i.insider.com/675c95c5cf8d1359a2dffc95?width=1200&format=jpeg,2024-12-21T11:52:02Z,"Chocolatier Christophe Rull shared his favorite store-bought chocolate brands.Gabi Musat/500px/Getty Images
<ul><li>Christophe Rull is a world-renowned chocolate master and executive pastry chef at … [+2308 chars]",0.5,Low Risk,None
"{'id': 'business-insider', 'name': 'Business Insider'}","Anneta Konstantinides,Rachel Askinasi",Ina Garten has the best holiday recipes. Here are the dishes we think should be part of your celebrations this year.,"Ina Garten's recipes are the best. We tested dozens to determine which to include in your holiday meal, whether you're dining solo or having a party.",https://www.businessinsider.com/ina-garten-best-holiday-recipes,https://i.insider.com/6769f14a9de00e389eb326de?width=1200&format=jpeg,2024-12-24T15:10:11Z,"We're revealing our favorite Ina Garten recipes for the holiday season.Peter Kramer/NBC/NBC Newswire/NBCUniversal via Getty Images
<ul><li>We love Ina Garten's recipes, especially during the holiday… [+10012 chars]",0.3333333333333333,Low Risk,None
"{'id': None, 'name': 'Cool Hunting'}",Evan Orensten,Organic Chocolate Covered Cashew Hunks,Hu Kitchen’s Chocolate Covered Cashew Hunks (and almonds) hit the perfect balance. Noticeably different from most chocolate covered treats they do not have the typical shiny confectioners glaze and instead go for …,http://coolhunting.com/buy/organic-chocolate-covered-cashews/,https://150102931.v2.pressablecdn.com/wp-content/uploads/2025/01/cashews-vanilla-bean-hunks-hunk-hu-320509_720x.jpeg,2025-01-15T04:21:41Z,"George CleverleyCrafted from ostrich leather, lined with with double-faced duchesse satin (100% silk) and hand-sewn in London, this luxurious eye mask hails from English heritage brand George Cleverl… [+1081 chars]",0.0,Medium Risk,None
"{'id': None, 'name': 'Seths.blog'}",Seth Godin,Collectibles (and list updates),The Strategy Deck that I made to go with my book has developed a real following. It’s a powerful way to break a creative logjam. Taking out the deck in a meeting lowers resistance and increases a sense of possibility and playfulness. I’ve just gone back to pr…,https://seths.blog/2025/01/collectibles-and-list-updates/,https://seths.blog/wp-content/uploads/2018/06/seth_godin_ogimages_v02_1806139-1.jpg,2025-01-02T17:22:00Z,The Strategy Deck that I made to go with my book has developed a real following. It’s a powerful way to break a creative logjam. Taking out the deck in a meeting lowers resistance and increases a sen… [+1590 chars],0.225,Low Risk,None
"{'id': 'business-insider', 'name': 'Business Insider'}",Paige Bennett,14 of the best specialty items to get at Aldi this month for $5 or less,"This January, Aldi is set to stock its shelves with frozen appetizers, seasonal Valentine's Day snacks, and easy meals, all for $5 or less.",https://www.businessinsider.com/best-cheap-things-to-get-at-aldi-january-2025,https://i.insider.com/677563bbe5726ab18d0e3cac?width=1200&format=jpeg,2025-01-01T16:23:00Z,"Aldi has a number of frozen meals and fun snacks coming in January. Aldi
<ul><li>This month, Aldi is stocking shelves with frozen appetizers, easy meals, and seasonal snacks. </li><li>Ahead of Valen… [+6060 chars]",0.3666666666666667,Low Risk,None
"{'id': None, 'name': 'Food52.com'}",Anna Arriaga,I Tried Giada’s Viral Chocolate Hazelnut Pasta—And I Didn't Hate It,"Former Food Network star Giada De Laurentiis is trying to start a ""chocolate pasta movement.” Recently, the Italian cook shared a childhood recipe on TikTok: warm pasta covered in hazelnut spread. Alarming? Buddy the Elf spaghetti level of craziness? Maybe, b…",https://food52.com/blog/28602-giada-chocolate-viral-pasta-honest-review-trending,https://images.food52.com/6um2s_PH-Jz9YGUkgRk2-00R-Uw=/fit-in/1200x1200/8a3ef7e0-8821-4573-b5e3-7c0fd352dddb--Untitled_design.png,2024-12-24T06:00:00Z,"Former Food Network star Giada De Laurentiis is trying to start a ""chocolate pasta movement. Recently, the Italian cook shared a childhood recipe on TikTok: warm pasta covered in hazelnut spread. Ala… [+1686 chars]",0.15,Low Risk,None
"{'id': 'business-insider', 'name': 'Business Insider'}",Gabbi Shaw,"I went to HomeGoods for some last-minute holiday gifts, and the selection was overwhelming",I went to HomeGoods on December 23 and found a lot of options for great holiday gifts.,https://www.businessinsider.com/homegoods-best-store-last-minute-holiday-gifts-2024-12,https://i.insider.com/676ae3a79de00e389eb34063?width=1200&format=jpeg,2024-12-24T18:28:28Z,"I almost knocked things off this table with how overflowing it was.Gabbi Shaw/Business Insider
<ul><li>HomeGoods is a favorite of both interior designers and consumers alike.</li><li>It's also a gre… [+4997 chars]",0.5,Low Risk,None
"{'id': 'buzzfeed', 'name': 'Buzzfeed'}",Jamie Davis Smith,"""There's Really No Upper Limit"": Doctors Share The Foods We Should Eat More Of (And How They Can Impact Our Lives)","If you love dark chocolate and kimchi, you're going to love this list...View Entire Post ›",https://www.buzzfeed.com/jamiedavissmith/best-foods-long-life-experts-sc,https://img.buzzfeed.com/buzzfeed-static/static/2025-01/8/21/campaign_images/808b090840e3/theres-really-no-upper-limit-doctors-share-the-fo-5-410-1736371608-7_dblbig.jpg,2025-01-13T12:16:02Z,"Anyone who wants to live a long and healthy life wants a magic formula for reaching a ripe old age. Unfortunately, it isnt that easy but there are some things you can do to bolster your odds.
If you… [+931 chars]",0.16885521885521887,Low Risk,None
"{'id': 'business-insider', 'name': 'Business Insider'}",Kim Schewitz,A nutrition scientist was hooked on snacks like chocolate and chips. She made 3 simple changes and now enjoys them without overeating.,Alex Ruani used to reach for sweet treats when she was bored or stressed. She transformed her relationship with snacking with by making small but impactful changes.,https://www.businessinsider.com/nutrition-scientist-stop-overeating-snacks-chocolate-chips-simple-change-2025-1,https://i.insider.com/678a3e472fcded5e90739dce?width=1200&format=jpeg,2025-01-18T07:26:01Z,"Alex Ruani
<ul><li>Alex Ruani used to overeat snacks that weren't nutritious.</li><li>A few changes transformed her relationship with snacking.</li><li>She started eating her meals at the same time … [+3874 chars]",-0.1,Medium Risk,None
"{'id': None, 'name': 'Thekitchn.com'}",Patty Catalano,I'd Give Up Every Christmas Gift for One Bite of this Chocolate Mousse,"Chocolate-lovers, rejoice!
READ MORE...",https://www.thekitchn.com/best-chocolate-mousse-recipe-23698525,"https://cdn.apartmenttherapy.info/image/upload/f_auto,q_auto:eco,c_fill,g_auto,w_1500,ar_3:2/k%2FPhoto%2FRecipes%2F2024-11-chocolate-mousse%2Fchocolate-mousse-497",2024-12-20T17:00:00Z,"For a chocolate dessert lover like me, nothing puts a bow on the end of a special meal quite like chocolate mousse. This classic dessert is more refined than chocolate pudding and what youd expect to… [+381 chars]",0.3412698412698412,Low Risk,None
"{'id': None, 'name': 'Xataka.com'}",Alejandro Alcolea,"En plena fiebre de la reinvención del turrón, me ha dado por hacer turrón casero. Y pienso repetir","Me encanta el turrón. No estoy solo en esto ni en la redacción ni en el país, pero lo que me gusta es el turrón clásico. Que se quiten las moderneces de sabores exóticos, los turrones de jamón, de piruleta o de patatas fritas. Lo que quiero es turrón de almen…",https://www.xataka.com/magnet/plena-fiebre-reinvencion-turron-me-ha-dado-hacer-turron-casero-pienso-repetir,https://i.blogs.es/6eb1d5/turron-3/840_560.jpeg,2024-12-22T17:01:35Z,"Me encanta el turrón. No estoy solo en esto ni en la redacción ni en el país, pero lo que me gusta es el turrón clásico. Que se quiten las moderneces de sabores exóticos, los turrones de jamón, de pi… [+5265 chars]",0.0,Medium Risk,None
"{'id': None, 'name': 'swissinfo.ch'}",Anand Chandrasekhar,The chocolate of the future will have less cocoa or none at all,The high price of cocoa beans along with laws against deforestation have sparked a hunt for new chocolate ingredients.,https://www.swissinfo.ch/eng/multinational-companies/the-chocolate-of-the-future-will-have-less-cocoa-or-none-at-all/78517426,"https://www.swissinfo.ch/content/wp-content/uploads/sites/13/2024/05/600611205_highres.jpg?fit=1200,800",2024-12-24T16:25:34Z,"Keystone 
The high price of cocoa beans along with consumer concerns and government regulations surrounding deforestation and child labour have sparked a hunt for new chocolate ingredients. 
This c… [+6233 chars]",0.1481818181818182,Low Risk,None
"{'id': 'ign', 'name': 'IGN'}",Wesley Yin-Poole,Hollow Knight: Silksong Dev Fuels Nintendo Switch 2 Direct Fever With a Picture of a Chocolate Cake,Here's why a picture of a chocolate cake has Hollow Knight: Silksong fans convinced they will finally see the game at the Nintendo Switch 2 Direct.,https://www.ign.com/articles/hollow-knight-silksong-dev-fuels-nintendo-switch-2-direct-fever-with-a-picture-of-a-chocolate-cake,https://assets-prd.ignimgs.com/2025/01/17/cake-again-1737107519421.png?width=1280,2025-01-17T09:52:11Z,"Its been six years since Team Cherry announced Hollow Knight: Silksong, the eagerly awaited sequel to 2017 Metroidvania masterpiece Hollow Knight. In those years fans have seen Silksong pop up and fa… [+3028 chars]",-0.1,Medium Risk,None
"{'id': 'business-insider', 'name': 'Business Insider'}",Katherine Tangalakis-Lippert,I had a holiday lunch at Disney's invite-only Club 33 and it made me see why someone would sue to keep their membership,"For Christmas, I was gifted a lunch at Disneyland's elite Club 33 and it ranked among the best meals of my life.",https://www.businessinsider.com/holiday-lunch-disneyland-club-thirty-three-2024-12,https://i.insider.com/676f67b19de00e389eb3b3cc?width=1200&format=jpeg,2025-01-01T14:16:02Z,"Disneyland's Club 33, named for its address on 33 Royal Street in New Orleans Square, features the numbers throughout its decor.Katherine Tangalakis-Lippert
<ul><li>For Christmas, I was gifted a lun… [+7263 chars]",0.3181818181818182,Low Risk,None
"{'id': None, 'name': 'Thekitchn.com'}",Ashia Aubourg,The Popular Candle Lamp Has a Feature That Everyone Is Just Finding Out About,"It’s ideal for melting chocolate or cheese.
READ MORE...",https://www.thekitchn.com/candle-warmer-fondue-hack-23705865,"https://cdn.apartmenttherapy.info/image/upload/f_auto,q_auto:eco,c_fill,g_auto,w_1500,ar_3:2/commerce%2Fluzdiosa-candle-warmer-lamp",2025-01-20T02:15:00Z,"We independently select these products—if you buy from one of our links, we may earn a commission. All prices were accurate at the time of publishing.
The most coveted item at my familys white eleph… [+1254 chars]",0.22500000000000003,Low Risk,None
"{'id': None, 'name': 'BBC News'}",,Valencians struggling to recover from devastating floods,"The Spanish region was badly hit by flooding in October, and the clean up is far from over.",https://www.bbc.com/news/articles/crk0z56g6zko,https://ichef.bbci.co.uk/news/1024/branded_news/4317/live/8bdc03b0-bd2b-11ef-9234-170be320bd9e.jpg,2024-12-22T00:12:37Z,"Pascual Andreu doesn't plan to reopen his chocolate business after the factory was damaged by flood water
Pascual Andreu points proudly to a black-and-white photograph stuck to the wall of the premi… [+6496 chars]",0.8,Low Risk,Flood
"{'id': None, 'name': 'Skinnytaste.com'}",Gina,Protein White Hot Chocolate,"This 3-ingredient Protein White Hot Chocolate recipe is too easy not to share. I make it all the time, it’s my go-to on cold nights! High-Protein White Hot Chocolate When I crave hot chocolate, it’s usually white hot chocolate. One night, I created this simpl…",https://www.skinnytaste.com/protein-white-hot-chocolate/,https://www.skinnytaste.com/wp-content/uploads/2024/12/Protein-White-Hot-Chocolate-11.jpg,2024-12-29T15:10:00Z,"This post may contain affiliate links. Read my disclosure policy.
This 3-ingredient Protein White Hot Chocolate recipe is too easy not to share. I make it all the time, it’s my go-to on cold nights!… [+3934 chars]",0.020833333333333343,Medium Risk,None
"{'id': None, 'name': 'Davidlebovitz.com'}",David,Salted Chocolate Chip Tahini Cookies,"Whenever I mention “Chocolate Chip Cookies,” this recipe seems to come up in the conversation. I’ve been making chocolate chip cookies all of my life, and am always happy to add new ones to my repertoire. I’ve made them with various kinds of flours, different…",https://www.davidlebovitz.com/salted-chocolate-chip-tahini-cookies-cookie-recipe/,https://www.davidlebovitz.com/wp-content/uploads/2017/05/Salted-Chocolate-Chip-Tahini-cookie-recipe-5.jpg,2025-01-06T14:48:26Z,"Whenever I mention “Chocolate Chip Cookies,” this recipe seems to come up in the conversation. I’ve been making chocolate chip cookies all of my life, and am always happy to add new ones to my repert… [+6563 chars]",0.4681818181818182,Low Risk,None
"{'id': None, 'name': 'BBC News'}",,I've seen Gavin & Stacey but I can't tell anyone what happens,Gavin & Stacey returns to our screens on Christmas Day for one final time - and I've seen it.,https://www.bbc.com/news/articles/ce32kw9d27xo,https://ichef.bbci.co.uk/news/1024/branded_news/32e3/live/b3586610-bf18-11ef-9326-13e7c15b7ab2.jpg,2024-12-25T08:32:22Z,"The gang are partying but what are they celebrating? You'll have to wait until Christmas night
It's been five years since the last Gavin &amp; Stacey Christmas special aired in 2019, and since then … [+3002 chars]",0.1523809523809524,Low Risk,None
"{'id': None, 'name': 'WQOW TV News 18'}","Sandee LaMotte, CNN","Lead and cadmium found in muscle-building protein powders, report says","(CNN) — Over-the-counter protein powders may contain disturbing levels of lead and cadmium, with the highest amounts found in plant-based, organic and chocolate-flavored products, according to a new investigation.",https://www.wqow.com/health-watch/lead-and-cadmium-found-in-muscle-building-protein-powders-report-says/article_882063dc-8b86-5437-ac52-49530da83de0.html,https://bloximages.newyork1.vip.townnews.com/wqow.com/content/tncms/assets/v3/editorial/e/02/e029babf-8862-5b93-83ed-3c818bd504bc/677fdc341d961.image.jpg?crop=1763%2C926%2C0%2C124&resize=1200%2C630&order=crop%2Cresize,2025-01-12T18:22:38Z,"(CNN) Over-the-counter protein powders may contain disturbing levels of lead and cadmium, with the highest amounts found in plant-based, organic and chocolate-flavored products, according to a new in… [+5836 chars]",-0.18181818181818182,High Risk,None
"{'id': None, 'name': 'Xataka.com'}",Carlos Prego,"El sector del turrón se las prometía felices explorando sabores, hasta que se topó con una crisis histórica en el precio del cacao","Ironías del mercado, una de las industrias que más ha innovado a lo largo de los últimos años en Navidad es también una de las más tradicionales: la del turrón. Quizás podamos discutir (o no) si todas sus nuevas creaciones pueden llamarse así, ‘turrón’; pero …",https://www.xataka.com/magnet/sector-turron-se-prometia-felices-explorando-sabores-que-se-topo-crisis-historica-precio-cacao,https://i.blogs.es/453ce7/tttrrr0/840_560.jpeg,2024-12-22T12:01:30Z,"Ironías del mercado, una de las industrias que más ha innovado a lo largo de los últimos años en Navidad es también una de las más tradicionales: la del turrón. Quizás podamos discutir (o no) si toda… [+6763 chars]",0.0,Medium Risk,None
"{'id': 'business-insider', 'name': 'Business Insider'}",Stephanie Dreyer,"I'm vegan, but the rest of my family isn't. So, I'm relying on these 8 tasty Trader Joe's finds this holiday season.","I'm the only one who eats vegan at my house, and I rely on Trader Joe's for holiday essentials when I'm planing for parties, dinners, and gatherings.",https://www.businessinsider.com/best-things-trader-joes-holidays-vegan-mom-mixed-diet-family-2024-12,https://i.insider.com/6761bcc31d90e3bcf31d66be?width=1200&format=jpeg,2024-12-21T11:48:02Z,"I've discovered some of Trader Joe's best vegan holiday staples.Stephanie Dreyer
<ul><li>I'm the only vegan in my family, and I stock up on holiday foods everyone can eat at Trader Joe's.</li><li>Bo… [+5046 chars]",0.5,Low Risk,None
"{'id': 'the-verge', 'name': 'The Verge'}",Charles Pulliam-Moore,10 excellent shows and movies from 2024 to stream on Max,Max has you covered if you’re looking for some solid films and TV shows to stream this holiday season.,https://www.theverge.com/24305797/max-best-shows-movies-streaming-2024-hbo,https://cdn.vox-cdn.com/thumbor/_WNI0dB3sOKre0M9MVC0tT58AaE=/0x0:2040x1360/1200x628/filters:focal(1020x680:1021x681)/cdn.vox-cdn.com/uploads/chorus_asset/file/25784213/247333_EOY_Package_Check_In_CVirginia_MAX_.jpg,2024-12-21T14:00:00Z,"Between The Penguin, Dune: Prophecy, and I Saw the TV Glow, Max has you covered when it comes to last-minute streaming options to get you through the holidays.
ByCharles Pulliam-Moore, a reporter fo… [+10537 chars]",0.0,Medium Risk,None
"{'id': None, 'name': 'Mental Floss'}",CaLea Johnson,Making Peppermint Bark at Home Is the Perfect Holiday Activity,Surprise your guests with this chocolate and peppermint treat.,https://www.mentalfloss.com/homemade-peppermint-bark-recipe,"https://images2.minutemediacdn.com/image/upload/c_crop,w_2000,h_1125,x_0,y_208/v1734711752/images/voltaxMediaLibrary/mmsport/mentalfloss/01jfje1cq08pj77de4fk.jpg",2024-12-23T14:01:00Z,"One of the best parts about the holidays is the desserts. This time of year brings festive favorites like gumdrops, sugar cookies, and chocolates. If youre craving a crowd-pleaser thats perfect for a… [+4784 chars]",1.0,Low Risk,None
"{'id': None, 'name': 'CNET'}",Katie Collins,Stop Scalding Your Tongue On Tea and Soup. This $25 Cat Robot 'Blows' on Your Drink to Cool It,Why blow on your hot food when you can get a robot to do it for you?,https://www.cnet.com/home/kitchen-and-household/stop-scalding-your-tongue-on-tea-and-soup-this-25-cat-robot-blows-on-your-drink-to-cool-it/,https://www.cnet.com/a/img/resize/4b49e7f8350ac2ae1df82789c4d39be926553deb/hub/2025/01/06/2ddf47aa-684b-4382-8600-54bbec13c625/cat-cooling-mug-robot-ces-2025.jpg?auto=webp&fit=crop&height=675&width=1200,2025-01-06T09:03:03Z,"Think of the noise that emerges from your lips when you blow on food that's too hot to eat. It probably sounds something a little like ""fufu."" It's from this onomatopoeic sound that the Nékojita cat … [+1869 chars]",0.15416666666666667,Low Risk,None
"{'id': None, 'name': 'AppleInsider'}",news@appleinsider.com (William Gallagher),"Tim Cook talks wine, chocolate, and how Apple Watch saved his father","Apple CEO Tim Cook has given a rare personal interview in which he recounts how Apple Watch fall detection saved his father's life, and recommends where to eat in San Francisco.While in London, Tim Cook (left) also had a pint with ""Slow Horses"" star Jack Lowd…",https://appleinsider.com/articles/25/01/15/tim-cook-talks-wine-chocolate-and-how-apple-watch-saved-his-father,https://photos5.appleinsider.com/gallery/62006-128411-000-lede-Tim-Cook-and-Slow-Horses-xl.jpg,2025-01-15T16:48:58Z,"Apple CEO Tim Cook has given a rare personal interview in which he recounts how Apple Watch fall detection saved his father's life, and recommends where to eat in San Francisco.
During his December … [+3063 chars]",0.15,Low Risk,None
"{'id': None, 'name': 'Food52.com'}",Julia Youman,Need a Break This Baking Season? These Fancy Boxed Mixes Are Here To Help,"If you’re the go-to dessert person—the one always tapped for cookie swaps, bake sales, or holiday party potlucks—December probably feels like one endless baking marathon. As the month winds down, so does your flour supply, your sugar stash, and your baking st…",https://food52.com/blog/28587-premium-boxed-dessert-mixes,https://images.food52.com/3Mk2YAp8SjpRZZWs4r_Ndwoa5Ik=/fit-in/1200x1200/921e888f-4718-47c0-9f75-7956ebec69c2--2022-0804_basic-great-chocolate-chip-cookies-from-tara-obrady_genius_3x2_julia-gartland_169.jpg,2024-12-23T06:00:00Z,"If youre the go-to dessert personthe one always tapped for cookie swaps, bake sales, or holiday party potlucksDecember probably feels like one endless baking marathon. As the month winds down, so doe… [+3381 chars]",-0.14027777777777778,High Risk,None
"{'id': None, 'name': 'Food52.com'}",Nea Arentzen,These Bakery-Worthy Marshmallow Fluff Cookies Might Convince You to Go Pro,"Over the past few months, as I’ve been thinking of Swedish recipes to develop, one specific cookie kept coming to mind: “mums-mums” or “grädbullar”, directly translated into my words as marshmallow fluff cookies or cream balls. Imagine a fluffy marshmallow fi…",https://food52.com/blog/28627-marshmallow-fluff-cookies,https://images.food52.com/-m1iWLblczUg6wpcTMDuJVN3eXY=/fit-in/1200x1200/d834bc02-7697-4957-9405-53428e440fb8--fluff_cookies.JPG,2025-01-13T20:31:25Z,"Over the past few months, as Ive been thinking of Swedish recipes to develop, one specific cookie kept coming to mind: mums-mums or grädbullar, directly translated into my words as marshmallow fluff … [+3225 chars]",-0.09,Medium Risk,None
"{'id': None, 'name': 'Yahoo Entertainment'}",,Scientists uncover unexpected ally that could help save the world's declining chocolate supply: 'Our results suggest a clear path forward',,https://consent.yahoo.com/v2/collectConsent?sessionId=1_cc-session_c8f0f4c0-66ad-49ac-9d92-5202fbc9354b,,2025-01-07T10:45:52Z,"If you click 'Accept all', we and our partners, including 238 who are part of the IAB Transparency &amp; Consent Framework, will also store and/or access information on a device (in other words, use … [+678 chars]",-0.125,High Risk,None
"{'id': None, 'name': 'Slickdeals.net'}",PennyFound,20-Count 1.5-Oz Kinder Bueno Milk Chocolate & Hazelnut Cream Chocolate Bars $11.75,"Amazon has *20-Count 1.5-Oz Kinder Bueno Milk Chocolate and Hazelnut Cream Chocolate Bars* on sale for *$11.75*. *Shipping is free* w/ Prime or on $35+ orders. 
 
Thanks to Deal Hunter *PennyFound*...",https://slickdeals.net/f/18054228-20-count-1-5-oz-kinder-bueno-milk-chocolate-hazelnut-cream-chocolate-bars-11-75-free-shipping-w-prime-or-on-35?utm_source=rss&utm_content=fp&utm_medium=RSS2,https://slickdeals.net/attachment/8/3/9/2/450x450/16935924.thumb,2025-01-13T20:41:46Z,"This collaborative space allows users to contribute additional information, tips, and insights to enhance the original deal post. Feel free to share your knowledge and help fellow shoppers make infor… [+26 chars]",0.3875,Low Risk,None
"{'id': None, 'name': 'Gizmodo.com'}",Ed Cara,"Your Protein Shake May Be Laced With Lead, Report Finds","Nearly half of tested products contained potentially unsafe levels of lead, cadmium, and other toxic metals, according to a new report from the Clean Labels Project.",https://gizmodo.com/your-protein-shake-may-be-laced-with-lead-report-finds-2000549496,https://gizmodo.com/app/uploads/2025/01/protein-powder.jpg,2025-01-13T20:55:41Z,Your post-workout protein shake may come with some hidden dangerous ingredients. A new report finds that a substantial proportion of over-the-counter protein powders contain potentially unsafe levels… [+3228 chars],-0.15757575757575756,High Risk,None
"{'id': None, 'name': 'Cheezburger.com'}","Remy Millisky, Remy Millisky",25+ Secret Santa recipients who wish they hadn't swapped presents: 'Bought someone $25 worth of chocolate... received a cabbage',"They say gift-giving is an art, and these people are no artists. 
Imagine the excitement of waiting to give your loved one a gift you know they're going to adore. There's nothing like watching your favorite cousin's eyes light up as they unwrap a copy of tha…",https://cheezburger.com/38374149/25-secret-santa-recipients-who-wish-they-hadnt-swapped-presents-bought-someone-25-worth-of-chocolate,https://i.chzbgr.com/original/38374149/hB24C4E37/gifts-presents-school-funny-stories-work-coworkers-secret-santa-askreddit-gift-santa-funny-opinions,2024-12-23T16:00:00Z,"They say gift-giving is an art, and these people are no artists. 
Imagine the excitement of waiting to give your loved one a gift you know they're going to adore. There's nothing like watching your … [+1028 chars]",0.7,Low Risk,None
"{'id': None, 'name': 'Mental Floss'}",Rudie Obias,8 Unforgettable Pop-Tart Flavors That We Wish Weren’t Discontinued,"Even though these Pop-Tart flavors are discontinued now, we still can't help but wish they’d bring back Frosted Grape and a few of these other classic picks.",https://www.mentalfloss.com/discontinued-pop-tart-flavors,https://minutemedia-ressh.cloudinary.com/image/upload/v1736372659/shape/cover/sport/kellogg_s_pop_tarts_commercial__1993___so_cool_they_re_hot_-f5f016807ded9be7f2a0a29f7a83a839.jpg,2025-01-10T13:02:00Z,"Since its introduction in 1964, Kelloggs Pop-Tarts have delighted children and adults of all ages. These sweet, toaster-friendly pastries are beloved for a reasonespecially if you have no time to mak… [+5835 chars]",0.5833333333333333,Low Risk,None
"{'id': None, 'name': 'Slickdeals.net'}",cinnamonlovely,Select Locations: 8.5-Oz Lindt Lindor Snickerdoodle White Chocolate Candy Truffles $4.50,Remind a friend or loved one of how much they mean to you this holiday season with Lindt LINDOR Snickerdoodle White Chocolate Truffles. With festive holiday packaging these white chocolate candy truff,https://slickdeals.net/f/18023451-select-locations-8-5-oz-lindt-lindor-snickerdoodle-white-chocolate-candy-truffles-4-50?utm_source=rss&utm_content=fp&utm_medium=RSS2,https://slickdeals.net/attachment/4/2/8/1/6/200x200/16864161.thumb,2024-12-29T02:15:22Z,"This collaborative space allows users to contribute additional information, tips, and insights to enhance the original deal post. Feel free to share your knowledge and help fellow shoppers make infor… [+26 chars]",0.3875,Low Risk,None
"{'id': None, 'name': 'Slickdeals.net'}",cinnamonlovely,Select Accounts: 8.5-Oz Lindt Lindor Snickerdoodle White Chocolate Candy Truffles $4.50,Remind a friend or loved one of how much they mean to you this holiday season with Lindt LINDOR Snickerdoodle White Chocolate Truffles. With festive holiday packaging these white chocolate candy truff,https://slickdeals.net/f/18023451-lindt-lindor-holiday-snickerdoodle-white-chocolate-candy-truffles-with-smooth-melting-truffle-center-8-5-oz-bag-4-49?utm_source=rss&utm_content=fp&utm_medium=RSS2,https://slickdeals.net/attachment/4/2/8/1/6/200x200/16864161.thumb,2024-12-29T02:15:22Z,"This collaborative space allows users to contribute additional information, tips, and insights to enhance the original deal post. Feel free to share your knowledge and help fellow shoppers make infor… [+26 chars]",0.3875,Low Risk,None
"{'id': None, 'name': 'Slickdeals.net'}",LolaBunny21,30-Oz Harry & David Holiday Moose Munch Popcorn Drum $12.45 + Free Store Pickup,"Macy's [macys.com] has *30-Oz Harry & David Holiday Moose Munch Popcorn Drum *(Milk Chocolate/Classic Caramel/Dark Chocolate) on sale for *$12.43*. Select free store pickup where available, otherwise...",https://slickdeals.net/f/18042444-30-oz-harry-david-holiday-moose-munch-popcorn-drum-12-43-free-store-pickup-at-macy-s-or-free-shipping-on-25?utm_source=rss&utm_content=fp&utm_medium=RSS2,https://slickdeals.net/attachment/3/1/7/1/9/9/0/1/200x200/16906899.thumb,2025-01-07T23:12:06Z,"This collaborative space allows users to contribute additional information, tips, and insights to enhance the original deal post. Feel free to share your knowledge and help fellow shoppers make infor… [+26 chars]",0.3875,Low Risk,None
"{'id': None, 'name': 'Cheezburger.com'}","Lana DeGaetano, Lana DeGaetano","Woman cheaps out on White Elephant gift despite opting to participate in pricier gifting tier, is booted from social group when they suspect she did it to ‘trade up’","Gift exchanges are one of the most awkward events to be a part of. Especially with gifting ""games"" like White Elephant, you never know if the folks you're gifting and receiving gifts from have your best interest. Yeah, yeah. We know that Christmas time isn't …",https://cheezburger.com/38353157/woman-cheaps-out-on-white-elephant-gift-despite-opting-to-participate-in-pricier-gifting-tier-is,https://i.chzbgr.com/thumb1200/38353157/h32B97447/gifting-tier-is-booted-from-social-group-when-members-realize-she-probably-did-it-to-trade-up,2024-12-20T18:00:00Z,"Gift exchanges are one of the most awkward events to be a part of. Especially with gifting ""games"" like White Elephant, you never know if the folks you're gifting and receiving gifts from have your b… [+802 chars]",-0.024999999999999994,Medium Risk,None
"{'id': None, 'name': '[Removed]'}",,[Removed],[Removed],,,2024-12-27T19:34:02Z,[Removed],0.0,Medium Risk,None
"{'id': None, 'name': 'Jalopnik'}",Bradley Brownell,Lexus GX Owners Report Plastic Trim Melting Like Chocolate In The Sun,"We like the new Lexus GX around these parts, like, a lot. It is an all-around great truck with tons of luxury and off-roady engineering. It seems, however, that some of the engineering was perhaps half-assed. Some Lexus GX owners are reporting that their bran…",https://jalopnik.com/lexus-gx-owners-report-plastic-trim-melting-like-chocol-1851734059,"https://i.kinja-img.com/image/upload/c_fill,h_675,pg_1,q_80,w_1200/77f767a8911321fe61cfb9b454409711.png",2025-01-07T16:15:00Z,"We like the new Lexus GX around these parts, like, a lot. It is an all-around great truck with tons of luxury and off-roady engineering. It seems, however, that some of the engineering was perhaps ha… [+2414 chars]",0.37878787878787884,Low Risk,None
"{'id': 'business-insider', 'name': 'Business Insider'}",Jane Ridley,"As a Gen Xer raised in a frugal home, I skip my family's holiday present-giving. I find it too excessive.",The author hides upstairs when her kids open their gifts on Christmas Day because the present-giving makes her uncomfortable.,https://www.businessinsider.com/frugal-gen-x-cant-watch-kids-unwrap-gifts-excess-2024-12,https://i.insider.com/6763061d0a6d56a4f9c1de4a?width=1200&format=jpeg,2024-12-23T15:38:41Z,"The author finds it hard to see loads of presents under the Christmas tree.Serhii Sobolevskyi /Getty Images
<ul><li>I was raised in a frugal household where the number of Christmas gifts was limited… [+3017 chars]",-0.2916666666666667,High Risk,None
"{'id': 'business-insider', 'name': 'Business Insider'}",Amanda Perelli,How YouTube star MrBeast built a business that was tracking for $700 million in yearly revenue,"YouTube's top star, MrBeast, has over 338 million subscribers. He has a sprawling business, including products and an Amazon show.",https://www.businessinsider.com/mrbeast-youtube-business-brand-deals-amazon-show-income-revenue,https://i.insider.com/6764730a6c531c315b8965eb?width=1200&format=jpeg,2024-12-26T14:04:56Z,"MrBeast is YouTube's top creator.Jon Kopaloff/Getty Images for Prime Video
<ul><li>Jimmy Donaldson, who goes by MrBeast online, has become a household name.</li><li>Donaldson started his YouTube cha… [+3153 chars]",0.5,Low Risk,None
"{'id': None, 'name': 'HYPEBEAST'}",info@hypebeast.com (Hypebeast),"Travis Scott's ""Light Chocolate""-Flavored Nike Zoom Field Jaxx Leads This Week's Best Footwear Drops","Just like that, January is nearly halfway over. As New Year's resolutions begin to take hold (or not), brands are starting to ramp up their output once again. This week's list of notable footwear drops involves many Lunar New Year-themed pairs, with HOKA, Sal…",https://hypebeast.com/2025/1/best-sneaker-releases-january-2025-week-2-nike-hoka,https://image-cdn.hypb.st/https%3A%2F%2Fhypebeast.com%2Fimage%2F2025%2F01%2F13%2Fbest-sneaker-releases-january-2025-week-2-nike-hoka-tw.jpg?w=1080&cbr=1&q=90&fit=max,2025-01-14T18:21:29Z,"Just like that, January is nearly halfway over. As New Year’s resolutions begin to take hold (or not), brands are starting to ramp up their output once again. This week’s list of notable footwear dro… [+8331 chars]",0.18409090909090908,Low Risk,None
"{'id': None, 'name': 'Thekitchn.com'}",Ashia Aubourg,"Costco Is Selling a Famous NYC Dessert That's So Delicious, You'll Want 2","“Looks so good!!!” one shopper wrote. 
READ MORE...",https://www.thekitchn.com/costco-christmas-tree-cheesecake-23701653,"https://cdn.apartmenttherapy.info/image/upload/f_auto,q_auto:eco,c_fill,g_auto,w_1500,ar_3:2/stock%2Fshutterstock_2388440117",2024-12-25T14:15:00Z,"We independently select these products—if you buy from one of our links, we may earn a commission. All prices were accurate at the time of publishing.
When I first moved to NYC, I was in college, se… [+1613 chars]",0.2166666666666667,Low Risk,None
"{'id': None, 'name': 'Thekitchn.com'}",Ashia Aubourg,"If You Spot This $4.50 Luxury Dessert at Trader Joe’s, Grab 2","It makes a delicious gift.
READ MORE...",https://www.thekitchn.com/trader-joes-milk-chocolate-hazelnut-pralines-23702764,"https://cdn.apartmenttherapy.info/image/upload/f_auto,q_auto:eco,c_fill,g_auto,w_1500,ar_3:2/stock%2Fshutterstock_2508701957-tk-crop",2024-12-28T15:15:00Z,"A few accounts, including @traderjoesobsessed, known for posting the latest product releases at Trader Joes, shared about the launch of Crunchy Milk Chocolate Hazelnut Pralines, and shoppers flooded … [+389 chars]",0.15,Low Risk,Flood
"{'id': None, 'name': 'Directoalpaladar.com'}",Marina Blanco,Tarta de hojaldre con chocolate: un postre sencillo y súper vistoso,"Crujiente por fuera y suave por dentro, este dulce sencillo y elegante es ideal para cualquier ocasión especial, desde una merienda con amigos hasta una celebración festiva.
<!-- BREAK 1 -->
La tarta de hojaldre con chocolate es una receta fácil pero delicios…",https://www.directoalpaladar.com/postres/tarta-hojaldre-chocolate-postre-sencillo-super-vistoso,https://i.blogs.es/10b5b7/portada/840_560.jpg,2024-12-21T17:01:34Z,"Crujiente por fuera y suave por dentro, este dulce sencillo y elegante es ideal para cualquier ocasión especial, desde una merienda con amigos hasta una celebración festiva.
La tarta de hojaldre con… [+1507 chars]",0.9,Low Risk,None
"{'id': None, 'name': 'Uncrate.com'}",,Gnista Barreled Oak Non-Alcoholic Spirit,"Cocktails can continue past the holidays, even if you're trying to dry out. Non-alcoholic spirits like this one make it possible without sacrificing taste. Gnista began in Sweden ten years ago and has been a leader in the non-alcoholic space ever since. Gnist…",https://shop.uncrate.com/products/gnista-barreled-oak,http://shop.uncrate.com/cdn/shop/files/gnista-na1.jpg?v=1735573467,2024-12-30T17:00:01Z,"Cocktails can continue past the holidays, even if you're trying to dry out. Non-alcoholic spirits like this one make it possible without sacrificing taste. Gnista began in Sweden ten years ago and ha… [+282 chars]",-0.07916666666666666,Medium Risk,None
"{'id': None, 'name': 'Slickdeals.net'}",phoinix,38-Oz M&M's Peanut Milk Chocolate Candy $7.75,"Amazon [amazon.com] has *38-Oz M&M's Peanut Milk Chocolate Candy* for *$7.74*. *Shipping is free* with Prime or on $35+ orders. 
 
*Price:* 
*$5.22* lower (40% savings) than the *typical* price of...",https://slickdeals.net/f/18019386-7-74-38-oz-m-m-s-peanut-milk-chocolate-candy-at-amazon?utm_source=rss&utm_content=fp&utm_medium=RSS2,https://slickdeals.net/attachment/1/1/7/1/5/2/7/200x200/16855065.thumb,2024-12-26T14:07:09Z,"This collaborative space allows users to contribute additional information, tips, and insights to enhance the original deal post. Feel free to share your knowledge and help fellow shoppers make infor… [+26 chars]",0.3875,Low Risk,None
"{'id': None, 'name': 'Slickdeals.net'}",phoinix,39.37-Oz Reese's Miniatures Milk Chocolate Peanut Butter Cups $8.50,"Amazon has *39.37-Oz Reese's Miniatures Milk Chocolate Peanut Butter Cups* for *$8.49*. *Shipping is free* with Prime or on $35+ orders. 
 
Thanks to Deal Hunter *phoinix* for sharing this deal. 
...",https://slickdeals.net/f/18019389-8-49-39-37-oz-reese-s-miniatures-milk-chocolate-peanut-butter-cups-at-amazon?utm_source=rss&utm_content=fp&utm_medium=RSS2,https://slickdeals.net/attachment/1/1/7/1/5/2/7/200x200/16855077.thumb,2024-12-26T18:02:13Z,"This collaborative space allows users to contribute additional information, tips, and insights to enhance the original deal post. Feel free to share your knowledge and help fellow shoppers make infor… [+26 chars]",0.3875,Low Risk,None
"{'id': None, 'name': 'HYPEBEAST'}",info@hypebeast.com (Hypebeast),Travis Scott Announces His Latest Air Jordan 1 Low OG,"Name: Air Jordan 1 Low OG x Travis Scott ""Velvet Brown""Colorway: Velvet Brown / Dark MochaRelease Date: December 20Where to Buy: Cactus JackTravis Scott has officially lifted the curtain on his latest Air Jordan 1 Low OG. Dipped in a ""Velvet Brown/Dark Mocha""…",https://hypebeast.com/2024/12/travis-scott-air-jordan-1-aj1-low-og-sp-velvet-brown-dark-mocha-release-info-commercial-stream,https://image-cdn.hypb.st/https%3A%2F%2Fhypebeast.com%2Fimage%2F2024%2F12%2F20%2Ftravis-scott-air-jordan-1-aj1-low-og-sp-velvet-brown-dark-mocha-release-info-commercial-stream-tw.jpg?w=1080&cbr=1&q=90&fit=max,2024-12-21T01:16:08Z,"Name: Air Jordan 1 Low OG x Travis Scott “Velvet Brown”Colorway: Velvet Brown / Dark MochaRelease Date: December 20Where to Buy:Cactus Jack
Travis Scott has officially lifted the curtain on his late… [+1230 chars]",-0.075,Medium Risk,None
"{'id': None, 'name': 'HYPEBEAST'}",info@hypebeast.com (Hypebeast),OREO Unveils Six New Products for 2025,"OREO is set to kick off 2025 with a range of new products, including limited-edition cookies, returning fan favorites and new frozen treats. The brand will roll out six fresh offerings starting later this December.First up are the Oreo Game Day Cookies, arriv…",https://hypebeast.com/2024/12/oreo-six-new-products-2025-release-info,https://image-cdn.hypb.st/https%3A%2F%2Fhypebeast.com%2Fimage%2F2024%2F12%2F26%2Foreo-six-new-products-2025-release-info-tw.jpg?w=1080&cbr=1&q=90&fit=max,2024-12-26T09:46:39Z,"OREO is set to kick off 2025 with a range of new products, including limited-edition cookies, returning fan favorites and new frozen treats. The brand will roll out six fresh offerings starting later… [+965 chars]",0.1431818181818182,Low Risk,None
"{'id': None, 'name': 'Hipertextual'}",Azucena Martín,Soy nutricionista y esta es la cantidad de calorías que debes reducir cada día para perder peso,"¿Cuántas personas se han propuesto perder peso como propósito de año nuevo? ¿Quienes han empezado el 7 de enero obsesionados por dejar los kilos que han ganado a base de turrones, polvorones y roscón? Muchas personas habrán levantado la mano. Esta es época de…",http://hipertextual.com/2025/01/nutrocionista-calorias-perder-peso,https://imgs.hipertextual.com/wp-content/uploads/2025/01/total-shape-p7nwvfcjk-I-unsplash-scaled.jpg,2025-01-07T11:39:17Z,"¿Cuántas personas se han propuesto perder pesocomo propósito de año nuevo? ¿Quienes han empezado el 7 de enero obsesionados por dejar los kilos que han ganado a base de turrones, polvorones y roscón?… [+7031 chars]",-0.8,High Risk,None
"{'id': None, 'name': '/FILM'}",staff@slashfilm.com (Witney Seibold),What Happened To Willy Wonka & The Chocolate Factory's Charlie Actor Peter Ostrum?,Peter Ostrum played Charlie Bucket in Willy Wonka and the Chocolate Factory when he was 12 years old. Here's what he's gotten up to in the decades since then.,https://www.slashfilm.com/1743266/peter-ostrum-what-happened-charlie-actor-willy-wonka-and-the-chocolate-factory/,https://www.slashfilm.com/img/gallery/what-happened-to-willy-wonka-the-chocolate-factorys-charlie-actor-peter-ostrum/l-intro-1734640218.jpg,2024-12-25T01:00:30Z,"In a 2000 interview with NPR, Ostrum said that working on ""Willy Wonka"" was like being an exchange student, as he had to stick to his studies while living in Germany for about three months. He even g… [+1647 chars]",0.0,Medium Risk,None
"{'id': None, 'name': 'Directoalpaladar.com'}",Alicia González,"Este año repetimos turrón. Es de chocolate, pero con churros","Como buenos alicantinos en casa, somos muy exigentes con el turrón. Cada uno tiene sus preferencias, pero en general nos gustan todos los típicos. Así que cuando sale algún sabor nuevo o raro, nuestra reacción es cuanto menos hasta divertida. ¿Pero es que a q…",https://www.directoalpaladar.com/seleccion/este-ano-repetimos-turron-chocolate-churros,https://i.blogs.es/78d376/img_0945/840_560.jpeg,2024-12-21T08:31:30Z,"Como buenos alicantinos en casa, somos muy exigentes con el turrón. Cada uno tiene sus preferencias, pero en general nos gustan todos los típicos. Así que cuando sale algún sabor nuevo o raro, nuestr… [+4126 chars]",0.05000000000000002,Medium Risk,None
"{'id': None, 'name': 'Albuquerque Journal'}","Beth Trujillo , Albuquerque Journal, N.M.","Nature hikes, New Years and 'Willa Wonka': 7 events for this week","Dec. 26—You can get this New Year off with a splash by watching the disaster film classic ""The Poseidon Adventure"" at the Special Collections Library. Or...",https://www.abqjournal.com/lifestyle/article_97510000-b8cc-11ef-9e4b-c7f5a10ddf9c.html,https://s.yimg.com/cv/apiv2/social/images/yahoo_default_logo-1200x1200.png,2024-12-26T20:01:00Z,"Dec. 26You can get this New Year off with a splash by watching the disaster film classic ""The Poseidon Adventure"" at the Special Collections Library. Or check out one of these other options that migh… [+2005 chars]",0.13379329004329005,Low Risk,None
"{'id': None, 'name': 'Food52.com'}",Julia Youman,This Dessert is Trending—And Endlessly Tweakable,"Tiramisu is one of those desserts that never goes out of style, no matter the season or occasion. And right now—it’s reaching a peak. From tiramisu pancakes to the viral tiramisu brownies, it's clear the iconic flavors are having a major moment. And according…",https://food52.com/blog/28637-best-tiramisu-recipes,https://images.food52.com/UfXkZ9T0O9akUdQoZQ87VoIu-_0=/fit-in/1200x1200/bcabe5f0-dc78-4eeb-a7ce-a8a887a09ca4--2022-0914_pumpkin-tiramisu_seo_final_3x2_julia-garland_022.jpg,2025-01-18T07:00:00Z,"Tiramisu is one of those desserts that never goes out of style, no matter the season or occasion. And right nowits reaching a peak. From tiramisu pancakes to the viral tiramisu brownies, it's clear t… [+6283 chars]",0.19285714285714287,Low Risk,None
"{'id': None, 'name': 'HYPEBEAST'}",info@hypebeast.com (Hypebeast),Footpatrol x Saucony Collaboration Bring a Bold Spin to the ProGrid Omni 9,"Name: Footpatrol x Saucony ProGrid Omni 9Colorway: ""Blue/Chocolate-Black-Cream""SKU: TBCMSRP: TBCRelease Date: 2025Where to Buy: FootpatrolSaucony and European sneaker retailer Footpatrol have partnered to reimagine the ProGrid Omni 9 for an exclusive 2025 rel…",https://hypebeast.com/2024/12/footpatrol-saucony-progrid-omni-9-release-info,https://image-cdn.hypb.st/https%3A%2F%2Fhypebeast.com%2Fimage%2F2024%2F12%2F29%2Ffootpatrol-saucony-progrid-omni-9-release-info-tw.jpg?w=1080&cbr=1&q=90&fit=max,2024-12-30T03:07:17Z,"Name: Footpatrol x Saucony ProGrid Omni 9Colorway: “Blue/Chocolate-Black-Cream”SKU: TBCMSRP: TBCRelease Date: 2025Where to Buy:Footpatrol
Saucony and European sneaker retailer Footpatrol have partne… [+889 chars]",0.0,Medium Risk,None
"{'id': None, 'name': 'Directoalpaladar.com'}",Alicia González,Lidl tiene la forma más fácil de preparar el chocolate con el que acompañar el Roscón de Reyes,"En mi casa, la noche de reyes, el roscón se ha acompaña con chocolate. Da igual que sea roscón de Reyes de nata o trufa: el chocolate a la taza no puede faltar. Es una tradición que creo que se extiende a más hogares y, en el mío al menos, el estrés viene cua…",https://www.directoalpaladar.com/seleccion/lidl-tiene-forma-facil-preparar-chocolate-que-acompanar-roscon-reyes,https://i.blogs.es/143fef/by-ocu/840_560.jpeg,2025-01-03T08:31:39Z,"En mi casa, la noche de reyes, el roscón se ha acompaña con chocolate. Da igual que sea roscón de Reyes de nata o trufa: el chocolate a la taza no puede faltar. Es una tradición que creo que se extie… [+1939 chars]",0.0,Medium Risk,None
"{'id': None, 'name': 'Thekitchn.com'}",Ashia Aubourg,This Is Your Last Season to Get These Popular Girl Scout Cookie Flavors,"Get them while you can.
READ MORE...",https://www.thekitchn.com/girl-scout-smores-toastyay-discontinued-23704429,"https://cdn.apartmenttherapy.info/image/upload/f_auto,q_auto:eco,c_fill,g_auto,w_1500,ar_3:2/stock%2Fshutterstock_181102415",2025-01-08T23:15:00Z,"We independently select these products—if you buy from one of our links, we may earn a commission. All prices were accurate at the time of publishing.
Every year, folks eagerly anticipate running in… [+2240 chars]",0.20000000000000004,Low Risk,None
"{'id': None, 'name': 'Thekitchn.com'}",Alexandra Foster,"Ben & Jerry’s Just Launched Its Largest Tubs Ever, and Every Flavor Is So Good, I Can’t Pick a Favorite","“It’s about time!”
READ MORE...",https://www.thekitchn.com/ben-and-jerrys-scoop-apalooza-product-review-23705331,"https://cdn.apartmenttherapy.info/image/upload/f_auto,q_auto:eco,c_fill,g_auto,w_1500,ar_3:2/k%2FEdit%2F2025-01-ben-jerrys-new-flavors%2Fben-jerrys-new-flavors-5_6ad74f-crop",2025-01-14T16:30:00Z,"We independently select these products—if you buy from one of our links, we may earn a commission. All prices were accurate at the time of publishing.
Ben &amp; Jerrys pints have become a mainstay i… [+3548 chars]",0.20000000000000004,Low Risk,None
"{'id': None, 'name': 'Slickdeals.net'}",jk6812,39.52-Oz Hershey Kisses Milk Chocolate Christmas Candy Bulk Bag $8.50,Amazon [amazon.com] has *39.52-Oz Hershey Kisses Milk Chocolate Christmas Candy Bulk Bag *on sale for* $8.49*. Shipping is free w/ Prime or on $35+ orders.,https://slickdeals.net/f/18019236-39-52-oz-hershey-kisses-milk-chocolate-christmas-candy-bulk-bag-8-49-free-s-h-w-prime-or-on-35?utm_source=rss&utm_content=fp&utm_medium=RSS2,https://slickdeals.net/attachment/1/1/4/9/0/0/1/2/200x200/16854705.thumb,2024-12-26T15:18:53Z,"This collaborative space allows users to contribute additional information, tips, and insights to enhance the original deal post. Feel free to share your knowledge and help fellow shoppers make infor… [+26 chars]",0.3875,Low Risk,None
"{'id': None, 'name': 'The Atlantic'}",Stephanie Bai,Eight Perfect Episodes of TV,"Picks from Girls, The X-Files, SpongeBob, and more.",https://www.theatlantic.com/newsletters/archive/2025/01/eight-perfect-episodes-of-tv/681278/,https://cdn.theatlantic.com/thumbor/b1O2HteJ-ameNaF57xarFh2-Gog=/0x0:2000x1042/1200x625/media/img/mt/2025/01/HR_TCDGIRL_EC248/original.jpg,2025-01-12T12:00:00Z,"This is an edition of The Atlantic Daily, a newsletter that guides you through the biggest stories of the day, helps you discover new ideas, and recommends the best in culture. Sign up for it here.We… [+11523 chars]",0.37878787878787873,Low Risk,None
"{'id': None, 'name': 'BBC News'}",,'My partner hid and secretly waved off my ship': LGBT veteran monument revealed,"LGBT veterans forced out of the military look to the future, 25 years on from the ban being repealed.",https://www.bbc.com/news/articles/c70e0gep19xo,https://ichef.bbci.co.uk/news/1024/branded_news/3169/live/80904e50-d01b-11ef-94cb-5f844ceb9e30.jpg,2025-01-12T00:04:30Z,"Lt Cdr Duncan Lustig-Prean was forced to leave the Royal Navy in 1994
Intrusive interrogations, the shame of dishonourable discharge, criminal convictions that impacted their lives for years.
This … [+9598 chars]",-0.35000000000000003,High Risk,None
"{'id': 'new-scientist', 'name': 'New Scientist'}",Madeleine Cuff,Food made without farming will go on sale in the US in 2025,"Several start-ups are preparing to launch new foods made without plants, animals or soil, claiming that their products have a lower environmental impact",https://www.newscientist.com/article/2461346-food-made-without-farming-will-go-on-sale-in-the-us-in-2025/,https://images.newscientist.com/wp-content/uploads/2024/12/18115055/SEI_212098260.jpg,2024-12-31T10:00:49Z,"Croissant dough made from Savor’s farm-free butter
Savor
Growing numbers of people will be able to sample new types of butter, chocolate and ice cream made without input from animals, plants or soi… [+348 chars]",0.3181818181818182,Low Risk,None
"{'id': None, 'name': '9to5Mac'}",Ryan Christoffel,"Tim Cook talks his nontraditional retirement plan, daily routine, more in new interview","Apple CEO Tim Cook recently visited the UK just before Christmas, where he met King Charles III. While there, Cook also sat down for a podcast interview that was just published—here’s what he shared about his daily and weekly routines, nontraditional retireme…",https://9to5mac.com/2025/01/15/tim-cook-talks-nontraditional-retirement-plan-daily-routine-interview/,https://i0.wp.com/9to5mac.com/wp-content/uploads/sites/6/2022/06/tim-cook-privacy-letter.jpg?resize=1200%2C628&quality=82&strip=all&ssl=1,2025-01-15T15:17:19Z,"Apple CEO Tim Cook recently visited the UK just before Christmas, where he met King Charles III. While there, Cook also sat down for a podcast interview that was just publishedheres what he shared ab… [+3201 chars]",-0.07777777777777779,Medium Risk,None
"{'id': None, 'name': 'Forbes'}","Joseph V Micallef, Contributor, 
 Joseph V Micallef, Contributor
 https://www.forbes.com/sites/joemicallef/",The Chocolate Lovers Perfect Weekend: Three Days In Paris,"Paris is a chocolate lover’s paradise. From specialty retailers to chocolate producers, here’s a description of the 20 best places to see and enjoy chocolate in Paris.",https://www.forbes.com/sites/joemicallef/2024/12/31/the-chocolate-lovers-perfect-weekend-three-days-in-paris/,https://imageio.forbes.com/specials-images/imageserve/6771fea2784e2923b269466e/0x0.jpg?format=jpg&height=900&width=1600&fit=bounds,2024-12-31T11:15:00Z,"An assortment of chocolates pralines and rochers. Paris is the chocolate capital of France.
getty
Paris is a chocolate lover's paradise, offering an array of exquisite locations to indulge in some … [+6268 chars]",1.0,Low Risk,None
"{'id': None, 'name': 'Directoalpaladar.com'}",Marina Blanco,"Receta de tartaletas de chocolate con crema de cacahuete: como los Reese´s, pero caseras","Deléitate con unas tartaletas caseras rellenas de una cremosa ganache de chocolate con un toque salado de crema de cacahuete, un contraste de sabores espectacular en un solo bocado.
<!-- BREAK 1 -->
Las tartaletas de chocolate con crema de cacahuete son el eq…",https://www.directoalpaladar.com/postres/receta-tartaletas-chocolate-crema-cacahuete-como-reeses-caseras,https://i.blogs.es/ad1776/tartaletas_chocolate/840_560.jpg,2024-12-24T11:01:34Z,"Deléitate con unas tartaletas caseras rellenas de una cremosa ganache de chocolate con un toque salado de crema de cacahuete, un contraste de sabores espectacular en un solo bocado.
Las tartaletas d… [+2149 chars]",0.0,Medium Risk,None
"{'id': None, 'name': 'Slickdeals.net'}",phoinix,4-Pack 17.5-Oz Betty Crocker Chocolate Chip Cookie Mix $5.50 w/ Subscribe & Save,Amazon [amazon.com] has *4-Pack 17.5-Oz Betty Crocker Chocolate Chip Cookie Mix* for $12.2 - 50% when you 'clip' the coupon on product page - 5% when you check out via Subscribe & Save = *$5.49*....,https://slickdeals.net/f/18034596-s-s-5-49-4-pack-17-5-oz-betty-crocker-chocolate-chip-cookie-mix-at-amazon?utm_source=rss&utm_content=fp&utm_medium=RSS2,https://slickdeals.net/attachment/1/1/7/1/5/2/7/200x200/16888113.thumb,2025-01-03T12:55:11Z,"This collaborative space allows users to contribute additional information, tips, and insights to enhance the original deal post. Feel free to share your knowledge and help fellow shoppers make infor… [+26 chars]",0.3875,Low Risk,None
"{'id': None, 'name': 'Slickdeals.net'}",itsamazeling,4-Pack 5.07oz Toblerone Tiny Milk Chocolate Candy w/ Honey and Almond Nougat $7 + Free Shipping w/ Prime,"Woot [woot.com] has * 4-Pack 5.07oz Toblerone Tiny Milk Chocolate Candy w/ Honey and Almond Nougat *for *$6.99 *($1.75 per pack). Shipping is free w/ Prime. Otherwise shipping is $6. 
 
Note: Best by...",https://slickdeals.net/f/18021558-4-pack-5-07oz-toblerone-tiny-milk-chocolate-candy-w-honey-and-almond-nougat-6-99-1-75-per-pack-free-shipping-w-prime?utm_source=rss&utm_content=fp&utm_medium=RSS2,https://slickdeals.net/attachment/2/0/5/3/8/1/8/4/200x200/16859871.thumb,2024-12-27T20:43:02Z,"This collaborative space allows users to contribute additional information, tips, and insights to enhance the original deal post. Feel free to share your knowledge and help fellow shoppers make infor… [+26 chars]",0.3875,Low Risk,None
"{'id': None, 'name': 'Slickdeals.net'}",phoinix,Select Accounts: 8.87-Oz Dove Promises Milk Chocolate Christmas Candy Gifts $2.85 w/ Subscribe & Save,Amazon has for *Select Accounts: * *8.87-Oz Dove Promises Milk Chocolate Christmas Candy Gifts* for $2.99 - 5% when you check out via Subscribe & Save = *$2.84*. *Shipping is free* with Prime or on...,https://slickdeals.net/f/18022050-s-s-2-84-8-87-oz-dove-promises-milk-chocolate-christmas-candy-gifts-at-amazon?utm_source=rss&utm_content=fp&utm_medium=RSS2,https://slickdeals.net/attachment/1/1/7/1/5/2/7/200x200/16861164.thumb,2024-12-27T19:37:42Z,"This collaborative space allows users to contribute additional information, tips, and insights to enhance the original deal post. Feel free to share your knowledge and help fellow shoppers make infor… [+26 chars]",0.3875,Low Risk,None
"{'id': None, 'name': 'Slickdeals.net'}",bobgt89,12-Pack 11-Oz Premier Protein 30g Protein Shakes (Chocolate Peanut Butter) $17.20 & More w/ Subscribe & Save,"I was looking for protein shakes and saw this chocolate peanut butter flavor and also the strawberries and cream on sale. 
 
Premier Protein Protein Shake, Strawberries & Cream, 30g Protein, 1g...",https://slickdeals.net/f/18036417-premier-protein-protein-shake-chocolate-peanut-butter-30g-protein-1g-sugar-11-fl-oz-pack-of-12-18-11?utm_source=rss&utm_content=fp&utm_medium=RSS2,https://slickdeals.net/attachment/1/7/4/4/2/6/0/200x200/16892442.thumb,2025-01-04T15:27:41Z,"This collaborative space allows users to contribute additional information, tips, and insights to enhance the original deal post. Feel free to share your knowledge and help fellow shoppers make infor… [+26 chars]",0.3875,Low Risk,None
"{'id': None, 'name': 'Slickdeals.net'}",babgaly,12ct Quest Nutrition Hero Protein Bars (Cookies & Cream or Chocolate Peanut Butter) 2 for $29.40 w/ Subscribe & Save + Free Shipping & More,*Amazon [amazon.com]* has *12-Count 1.83-Oz Quest Nutrition Hero Protein Bars (Cookies & Cream or Chocolate Peanut Butter) *on sale *2 *for $41.98 - Save 50% on 1 when you buy 2 - 5% off when you...,https://slickdeals.net/f/18049530-12-count-1-83-oz-quest-nutrition-hero-protein-bars-cookies-cream-or-chocolate-peanut-butter-2-for-29-38-14-69-each-w-s-s-free-shipping?utm_source=rss&utm_content=fp&utm_medium=RSS2,https://slickdeals.net/attachment/9/3/0/4/6/1/9/450x450/16925604.thumb,2025-01-11T01:50:12Z,"This collaborative space allows users to contribute additional information, tips, and insights to enhance the original deal post. Feel free to share your knowledge and help fellow shoppers make infor… [+26 chars]",0.3875,Low Risk,None
"{'id': None, 'name': 'Slickdeals.net'}",dubba-low,24-Pack 8-Oz Carnation Breakfast Essentials Drinks (Rich Milk Chocolate) $14.50 w/ Subscribe & Save,*Amazon [amazon.com]* has *24-Pack 8-Oz Carnation Breakfast Essentials Ready to Drink with Fiber (Rich Milk Chocolate)* for $15.24 - 5% when you check out via Subscribe & Save = *$14.48*. Shipping is...,https://slickdeals.net/f/18049644-24-pack-8-oz-carnation-breakfast-essentials-ready-to-drink-with-fiber-rich-milk-chocolate-14-48-w-s-s-free-shipping-w-prime-or-on-35?utm_source=rss&utm_content=fp&utm_medium=RSS2,https://slickdeals.net/attachment/3/8/9/0/8/6/450x450/16925832.thumb,2025-01-11T09:35:24Z,"This collaborative space allows users to contribute additional information, tips, and insights to enhance the original deal post. Feel free to share your knowledge and help fellow shoppers make infor… [+26 chars]",0.3875,Low Risk,None
"{'id': None, 'name': 'Slickdeals.net'}",niki4h,2.02-Lb Orgain Organic Protein + Superfoods Powder (Creamy Chocolate Fudge or Vanilla) $12.25 w/ Subscribe & Save,Amazon [amazon.com] has *2.02-Lb Orgain Organic Protein + Superfoods Powder *(Creamy Chocolate Fudge or Vanilla) on sale for $24.49 - 25% when you enter promo code 25ORGAIN at checkout - 20% when you...,https://slickdeals.net/f/18066736-2-02-lb-orgain-organic-protein-superfoods-powder-creamy-chocolate-fudge-or-vanilla-12-25-w-s-s-free-shipping-w-prime-or-on-35?utm_source=rss&utm_content=fp&utm_medium=RSS2,https://slickdeals.net/attachment/2/0/3/1/1/5/0/450x450/16964833.thumb,2025-01-20T01:52:04Z,Amazon has 2.02-Lb Orgain Organic Protein + Superfoods Powder (Creamy Chocolate Fudge or Vanilla) on sale for $24.49 - 25% when you enter promo code 25ORGAIN at checkout - 20% when you clip the coupo… [+542 chars],0.0,Medium Risk,None
"{'id': None, 'name': 'Slickdeals.net'}",babgaly,4 lbs Animal 100% Whey Protein Powder Blend w/ BCAA (Chocolate) $34.40 w/ Subscribe & Save + Free Shipping,"Amazon has *4 lbs Animal 100% Whey Protein Powder Blend w/ BCAA* (Chocolate) on sale for $49.09 - $12.27 clip coupon on the page - 5% checkout with Subscribe & Save = *$34.37*. *Shipping is free*. 
...",https://slickdeals.net/f/18031905-4-lb-animal-100-whey-protein-powder-chocolate-34-37-w-s-s-free-shipping?utm_source=rss&utm_content=fp&utm_medium=RSS2,https://slickdeals.net/attachment/9/3/0/4/6/1/9/200x200/16882305.thumb,2025-01-02T04:44:08Z,"This collaborative space allows users to contribute additional information, tips, and insights to enhance the original deal post. Feel free to share your knowledge and help fellow shoppers make infor… [+26 chars]",0.3875,Low Risk,None
"{'id': None, 'name': 'Slickdeals.net'}",phoinix,Prime Members: 14.7oz Lindt Gourmet Chocolate Truffles Gift Box $10.90 w/ Subscribe & Save + Free Shipping,"Amazon [amazon.com] has *14.7-Oz Lindt Gourmet Chocolate Truffles Gift Box* for $11.49 - 5% when you check out via Subscribe & Save = *$10.92*. *Shipping is free* with Prime or on $35+ orders. 
...",https://slickdeals.net/f/18024537-prime-members-14-7oz-lindt-gourmet-chocolate-truffles-gift-box-10-90-w-subscribe-save-free-shipping?utm_source=rss&utm_content=fp&utm_medium=RSS2,https://slickdeals.net/attachment/1/1/7/1/5/2/7/200x200/16866198.thumb,2024-12-29T04:46:51Z,"This collaborative space allows users to contribute additional information, tips, and insights to enhance the original deal post. Feel free to share your knowledge and help fellow shoppers make infor… [+26 chars]",0.3875,Low Risk,None
"{'id': None, 'name': 'Slickdeals.net'}",Rokket,Select Holiday Chocolates Up to 80% Off: Russell Stover Milk Chocolate Gift Box $2 & More + Free Store Pickup on Orders $10+,"Walgreens [walgreens.com] has holiday chocolate on sale as priced below.  Store pickup is free on $10+ orders.  Availability may vary by store.  Save 70% - 80%.

Sample deals:9.4-Oz Russell Stover Chr",https://slickdeals.net/f/18039192-walgreens-holiday-chocolate-70-80-off-russell-stover-milk-chocolate-gift-box-2-ghirardelli-squares-0-33-more-free-store-pickup-on-10?utm_source=rss&utm_content=fp&utm_medium=RSS2,https://slickdeals.net/attachment/1/3/5/8/6/2/3/200x200/16897998.thumb,2025-01-06T06:22:55Z,"This collaborative space allows users to contribute additional information, tips, and insights to enhance the original deal post. Feel free to share your knowledge and help fellow shoppers make infor… [+26 chars]",0.3875,Low Risk,None
"{'id': None, 'name': 'Slickdeals.net'}",phoinix,15-Oz PBfit All-Natural Chocolate Peanut Butter Powder $4.95 w/ Subscribe & Save,Amazon has *15-Oz PBfit All-Natural Chocolate Peanut Butter Powder* on sale for $6.17 - $0.93 (15%) off when you 'clip' the coupon on the product page - $0.31 (5%) off when you checkout via Subscribe...,https://slickdeals.net/f/18042435-15-oz-pbfit-all-natural-chocolate-peanut-butter-powder-4-95-w-subscribe-save?utm_source=rss&utm_content=fp&utm_medium=RSS2,https://slickdeals.net/attachment/1/1/7/1/5/2/7/200x200/16906887.thumb,2025-01-08T00:43:53Z,"Not sure where the ""About this product"" section came from, but seems to be copied from the original PB Fit product. This is what is mentioned as far as ingredients for this deal:SIMPLE INGREDIENTS: C… [+228 chars]",0.15625,Low Risk,None
"{'id': None, 'name': 'Slickdeals.net'}",phoinix,24.5-Oz Premier Protein 100% Whey Protein Powder (Chocolate) $14.20 w/ Subscribe & Save,Amazon [amazon.com] has *24.5-Ounce Premier Protein 100% Whey Protein Powder *(Chocolate) for $23.62 - $2.36 - 25% when you 'clip' coupons on product page - 5% when you check out via Subscribe & Save...,https://slickdeals.net/f/18064705-s-s-14-18-24-5-ounce-premier-protein-100-whey-protein-powder-chocolate-at-amazon?utm_source=rss&utm_content=fp&utm_medium=RSS2,https://slickdeals.net/attachment/1/1/7/1/5/2/7/450x450/16961059.thumb,2025-01-19T09:23:35Z,"This collaborative space allows users to contribute additional information, tips, and insights to enhance the original deal post. Feel free to share your knowledge and help fellow shoppers make infor… [+26 chars]",0.3875,Low Risk,None
"{'id': None, 'name': 'mindbodygreen.com'}",https://www.mindbodygreen.com/wc/abby-moore,"Cocoa May Support Brain Health & Cognitive Performance, Study Suggests",Another excuse to eat chocolate.,https://www.mindbodygreen.com/articles/flavanols-in-cocoa-may-support-brain-health-anvascular-function-study-suggests,"https://mindbodygreen-res.cloudinary.com/image/upload/c_fill,w_2000,h_1200,g_auto,fl_lossy,f_jpg/org/e91vwy7pqk0dyd3h6.jpg",2025-01-17T10:40:00Z,"We're all aware that it's important to limit sugar and other inflammatory foods to keep your immune system strong, but research makes a brain-healthy case for eating cocoa. 
The small study, publish… [+2845 chars]",0.14166666666666666,Low Risk,None
"{'id': None, 'name': 'Cupofjo.com'}",Joanna Goddard,Have a Cozy Weekend.,"What are you up to this weekend? New York has gotten cold! Last night, the boys and I went to see the Christmas lights in Dyker Heights and drink hot chocolate and listen to holiday tunes.… Read more 
The post Have a Cozy Weekend. appeared first on Cup of Jo.",https://cupofjo.com/2024/12/06/weekend-dec-24/,https://cupofjo.com/wp-content/uploads/2024/12/Kristin-Duvall-2.jpg,2024-12-21T01:20:52Z,"What are you up to this weekend? New York has gotten cold! Last night, the boys and I went to see the Christmas lights in Dyker Heights and drink hot chocolate and listen to holiday tunes. It’s becom… [+2581 chars]",-0.09090909090909091,Medium Risk,None
"{'id': None, 'name': 'Slickdeals.net'}",babgaly,5-Lbs Dymatize Elite 100% Whey Protein Powder (Chocolate) $42.15 w/ S&S + Free Shipping,"Amazon [amazon.com] has 5-Lb Dymatize Elite 100% Whey Protein Powder (Chocolate) on sale for $42.13 When you follow the instructions below. Shipping is free.

Deal Instructions:Clip the 10% coupon by",https://slickdeals.net/f/18036396-5-lbs-dymatize-elite-100-whey-protein-powder-chocolate-42-13-w-s-s-free-shipping?utm_source=rss&utm_content=fp&utm_medium=RSS2,https://slickdeals.net/attachment/9/3/0/4/6/1/9/200x200/16892148.thumb,2025-01-04T04:36:25Z,"This collaborative space allows users to contribute additional information, tips, and insights to enhance the original deal post. Feel free to share your knowledge and help fellow shoppers make infor… [+26 chars]",0.3875,Low Risk,None
"{'id': None, 'name': 'Slickdeals.net'}",Corwin,Select Locations: 15.2-Oz Lindt LINDOR Milk Chocolate Candy Truffles $7.50,"Amazon has *15.2-Oz Lindt LINDOR Milk Chocolate Candy Truffles* for *$7.49*. *Shipping is free* with Prime or on $35+ orders. 
 
*Note*: Availability for this deal will vary by delivery location. 
...",https://slickdeals.net/f/18030315-15-2-oz-lindt-lindor-milk-chocolate-candy-truffles-7-49-free-s-h-w-prime-or-orders-35-amazon?utm_source=rss&utm_content=fp&utm_medium=RSS2,https://slickdeals.net/attachment/1/0/6/6/9/4/200x200/16879053.thumb,2025-01-01T04:01:31Z,"This collaborative space allows users to contribute additional information, tips, and insights to enhance the original deal post. Feel free to share your knowledge and help fellow shoppers make infor… [+26 chars]",0.3875,Low Risk,None
"{'id': None, 'name': 'Slickdeals.net'}",YOURNUMBA1FAN,Select Accounts: 8.87-Oz Dove Promises Milk Chocolate Candy $2.85 w/ Subscribe & Save,Amazon has for *Select Accounts:* *8.87-Oz Dove Promises Milk Chocolate Candy* for $2.99 - $0.15 (5% off when you checkout via Subscribe & Save) = *$2.84*. *Shipping is free* with Prime or on $35+...,https://slickdeals.net/f/18025482-back-in-stock-dove-promises-milk-chocolate-christmas-candy-gifts-8-87-oz-bag-2-99-or-2-59-with-s-s?utm_source=rss&utm_content=fp&utm_medium=RSS2,https://slickdeals.net/attachment/2/2/0/5/3/200x200/16868259.thumb,2024-12-29T19:05:16Z,"This collaborative space allows users to contribute additional information, tips, and insights to enhance the original deal post. Feel free to share your knowledge and help fellow shoppers make infor… [+26 chars]",0.3875,Low Risk,None
"{'id': None, 'name': 'Slickdeals.net'}",phoinix,15-Oz PBfit All-Natural Chocolate Peanut Butter Powder $4.95 w/ Subscribe & Save,Amazon has *15-Oz PBfit All-Natural Chocolate Peanut Butter Powder* on sale for $6.17 - $0.93 (15%) off when you 'clip' the coupon on the product page - $0.31 (5%) off when you checkout via Subscribe...,https://slickdeals.net/f/18042435-s-s-4-93-15-oz-pbfit-all-natural-chocolate-peanut-butter-powder-at-amazon?utm_source=rss&utm_content=fp&utm_medium=RSS2,https://slickdeals.net/attachment/1/1/7/1/5/2/7/200x200/16906887.thumb,2025-01-08T00:43:53Z,"This collaborative space allows users to contribute additional information, tips, and insights to enhance the original deal post. Feel free to share your knowledge and help fellow shoppers make infor… [+26 chars]",0.3875,Low Risk,None
"{'id': None, 'name': 'Slickdeals.net'}",Navy-Wife,24-Pack 11-Oz Premier 30g Protein Shake (Chocolate Peanut Butter) + $10 Credit $40.50 w/ S&S + Free S/H,"Amazon has *12-Pack 11-Oz Premier 30g Protein Shake* (Chocolate Peanut Butter) on sale for *2 for $40.49 + $10 Amazon Credit* when you *Follow Deal Instructions below*. *Shipping is free*. 
 
Thanks...",https://slickdeals.net/f/18006855-24-pack-11-oz-premier-30g-protein-shake-chocolate-peanut-butter-10-credit-40-50-w-s-s-free-s-h?utm_source=rss&utm_content=fp&utm_medium=RSS2,https://slickdeals.net/attachment/1/1/3/3/5/6/0/200x200/16828572.thumb,2024-12-20T15:55:05Z,"This collaborative space allows users to contribute additional information, tips, and insights to enhance the original deal post. Feel free to share your knowledge and help fellow shoppers make infor… [+26 chars]",0.3875,Low Risk,None
"{'id': None, 'name': 'Slickdeals.net'}",CrimsonPolice124,Costco Members: 5.64 lbs Levels Grass Fed Whey Protein (Double Chocolate) $55 + Free Shipping,"Costco Wholesale has for their Members: 5.64 lbs Levels Grass Fed Whey Protein (Double Chocolate) on sale for $54.99. Shipping is free. 

Thanks to Community Member CrimsonPolice124 for sharing  ...",https://slickdeals.net/f/18030966-levels-protein-costco-54-99,https://static.slickdealscdn.com/attachment/2/5/4/6/2/4/16880580.attach,2025-01-02T05:03:58Z,"Interest in these cleaner protein powders are about reducing cheap artificial sweetenersKirkland Ingredients: Whey Protein Isolate, Whey Protein Concentrate, Alkalized Cocoa, Organic Acacia, Contains… [+390 chars]",-0.09999999999999998,Medium Risk,None
"{'id': None, 'name': 'Slickdeals.net'}",BaraboomX,Breakfast Cereal: 24oz Cheerios Oat Crunch Cinnamon Oat Breakfast Cereal $3 & More w/ Subscribe & Save,"Cheerios Oat Crunch Cinnamon Oat Breakfast Cereal, Family Size, 24 oz $2.99
with 25% off on the page 

https://www.amazon.com/dp/B08X73B...BD2L63V5EC

Chocolate Cheerios Heart Healthy Cereal, Gluten F",https://slickdeals.net/f/18017106-cheerios-oat-crunch-cinnamon-oat-breakfast-cereal-family-size-24-oz-2-99?utm_source=rss&utm_content=fp&utm_medium=RSS2,https://slickdeals.net/attachment/2/9/5/0/0/3/8/200x200/16850889.thumb,2024-12-25T16:16:45Z,"15g of ADDED sugar.A reminder that this cereal is junk food or a tasty dessert, but not something fit to give your kids for breakfast.For comparison, 15g of sugar is...- Slightly more sugar than is i… [+378 chars]",0.45,Low Risk,None
"{'id': None, 'name': 'Slickdeals.net'}",phoinix,4-Pk 3.25-Oz Snack Pack Pudding Cups (Various) $0.95 w/ Subscribe & Save,Amazon [amazon.com] has 4-Pk 3.25-Oz Snack Pack Pudding Cups (Various) for $1 - 5% when you check out via Subscribe &amp; Save = $0.95. Shipping is free with Prime or on $35+ orders.Chocolate [ama,https://slickdeals.net/f/18035730-s-s-0-95-4-pk-3-25-oz-snack-pack-pudding-cups-various-at-amazon?utm_source=rss&utm_content=fp&utm_medium=RSS2,https://slickdeals.net/attachment/1/6/7/9/8/1/2/200x200/16893486.thumb,2025-01-04T13:50:23Z,"This recipe works with chocolate cup puddings or vanilla cup puddings...Peel off cover and heap on top of the cup a pile of semi sweet chocolate morsals.
Microwave until bubbles start.
Then quickly… [+97 chars]",0.425,Low Risk,None
"{'id': None, 'name': 'Slickdeals.net'}",dubba-low,Chex Family Size Breakfast Cereal: 20.3-Oz Chocolate or 19.6-Oz Honey Nut $3 each & More,"Amazon has select *Family Size Chex Breakfast Cereal* on sale at prices listed below when you 'clip' the 20% off coupon on the product page. *Shipping is free* w/ Prime or on orders of $35 or more. 
...",https://slickdeals.net/f/18035511-chex-family-size-breakfast-cereal-20-3-oz-chocolate-or-19-6-oz-honey-nut-3-each-more?utm_source=rss&utm_content=fp&utm_medium=RSS2,https://slickdeals.net/attachment/3/8/9/0/8/6/200x200/16890441.thumb,2025-01-03T22:31:22Z,"This collaborative space allows users to contribute additional information, tips, and insights to enhance the original deal post. Feel free to share your knowledge and help fellow shoppers make infor… [+26 chars]",0.3875,Low Risk,None
"{'id': None, 'name': 'NPR'}",Rebecca Redelmeier,College students get emotional about climate change. Some are finding help in class,A recent survey finds that more than half of young people aged 16-25 are highly worried about climate change. Some universities are now trying to help them navigate those emotions in class.,https://www.npr.org/2024/12/22/nx-s1-5235404/college-students-struggle-climate-anxiety-find-help-class,https://npr.brightspotcdn.com/dims3/default/strip/false/crop/6000x3375+0+625/resize/1400/quality/100/format/jpeg/?url=http%3A%2F%2Fnpr-brightspot.s3.amazonaws.com%2Fdd%2Fad%2F188e9be04018bc7afd38ba649d07%2Fclimateclass-12-redelmeier.JPG,2024-12-22T10:00:00Z,"More than 50% of youth in the United States are very or extremely worried about climate change, according to a recent survey
 in the scientific journal The Lancet.
The researchers, who surveyed ove… [+6038 chars]",0.1125,Low Risk,None
"{'id': 'business-insider', 'name': 'Business Insider'}",Brianne Cohen,"I'm a sommelier. I found 7 of the best cabernet sauvignons at the grocery store, and they're all $35 and under.","I'm a sommelier, so I know a thing or two about wine. I found seven great bottles of cabernet sauvignon that were all $35 and under at the store.",https://www.businessinsider.com/sommelier-best-cabernet-sauvignon-at-grocery-store-prices-review-photos,https://i.insider.com/676058f8279d913c37cba0b9?width=1200&format=jpeg,2024-12-20T12:55:01Z,"I found the best cabernet sauvignon at the grocery store.Brianne Cohen
<ul><li>Grocery-store wines vary in quality, and as a sommelier, I'm here to help.</li><li>Cabernet sauvignon is one of the mos… [+4582 chars]",1.0,Low Risk,None
"{'id': 'business-insider', 'name': 'Business Insider'}",Nicci Attfield,I won't have an empty nest after deciding to have another baby in my 40s,"I had my first child at 25 and my second at 45. I was more tired the second time around, but also better prepared to handle a baby.",https://www.businessinsider.com/age-gap-between-my-kids-makes-them-both-only-children-2025-1,https://i.insider.com/6750b0cf7929f317fb4ffb77?width=1200&format=jpeg,2025-01-01T17:20:02Z,"The author had her first child at 25 and her second at 45.Courtesy of the author
<ul><li>I had my first child when I was 25. </li><li>After she grew up, my husband suggested we have another baby. </… [+4318 chars]",0.16666666666666666,Low Risk,None
"{'id': 'business-insider', 'name': 'Business Insider'}",Crystal Hoshaw,I tried to be a good parent by catering to my son's every whim. It backfired and now he has little self-esteem.,Crystal Hoshaw tried attachment parenting with her son but didn't know how to set boundaries. Her son is a preteen now with little self-esteem.,https://www.businessinsider.com/catered-my-son-every-whim-he-has-little-self-esteem-2024-12,https://i.insider.com/676308176c531c315b890389?width=1200&format=jpeg,2024-12-20T11:37:02Z,"My son would make excuses for why he couldn't do simple tasks or chores. I put up with it for too long.Courtesy of Crystal Hoshaw
<ul><li>I didn't understand how to set boundaries for myself and my … [+3799 chars]",0.0,Medium Risk,None
"{'id': 'business-insider', 'name': 'Business Insider'}",Kim Schewitz,A woman lost 22 pounds and has kept it off for years. She started with two simple changes.,"Hanna Kim tried to lose weight many times, but she hated the process so would gain it back. Easy workouts and learning about nutrition helped her achieve her goals.",https://www.businessinsider.com/woman-lost-pounds-kept-weight-off-started-two-simple-changes-2025-1,https://i.insider.com/677d481f4fdf00939ed68e0a?width=1170&format=jpeg,2025-01-07T15:31:44Z,"Hanna Kim found changing her mentality towards exercise helped to make it a habit. Hanna Kim
<ul><li>Hanna Kim tried to lose weight by cutting out what she viewed as unhealthy foods, but it wasn't s… [+4059 chars]",-0.5,High Risk,None
"{'id': 'business-insider', 'name': 'Business Insider'}",Jamie Davis Smith,I tried my regular Starbucks latte with 5 different kinds of milk. There's only one I won't be ordering again.,"Now that Starbucks doesn't charge extra for non-dairy milks, I tried my latte with 2%, soy, coconut, almond, and oat milk to find the best one.",https://www.businessinsider.com/trying-starbucks-latte-with-different-kinds-of-milk-clear-winner-2024-12,https://i.insider.com/6764725c1cee543535a8586d?width=1200&format=jpeg,2024-12-24T15:33:01Z,"I tried Starbucks lattes with different kinds of milk now that the chain doesn't charge extra.Jamie Davis Smith
<ul><li>I tried my regular Starbucks latte with 2%, soy, coconut, almond, and oat milk… [+4496 chars]",0.0,Medium Risk,None
"{'id': 'business-insider', 'name': 'Business Insider'}",Lisa VanderVeen,"My husband of 20 years unexpectedly asked for a divorce. Since then, I've traveled to 21 countries and my life is better than ever.","I never expected to be alone in my 50s, but traveling has made me feel empowered.",https://www.businessinsider.com/unexpected-divorce-single-woman-travel-50s-2024-12,https://i.insider.com/676ac4ade3e473ef263aeb47?width=1200&format=jpeg,2024-12-29T11:43:01Z,"In the six years since my divorce, I've traveled to 21 countries, including Belgium (pictured).Courtesy of Lisa VanderVeen.
<ul><li>After 20 years, my husband blindsided me and said he wanted a divo… [+3862 chars]",0.0,Medium Risk,None
"{'id': 'business-insider', 'name': 'Business Insider'}",Allison Tibaldi,I upgraded to a premium-economy seat on an 8-hour flight. It was so worth the extra $200.,"My Neos premium-economy upgrade got me perks like lounge access, a delicious in-flight meal, and a spacious seat for my eight-hour flight to Italy.",https://www.businessinsider.com/premium-economy-upgrade-neos-airlines-review-italy-flight-2025-1,https://i.insider.com/677c50432be30c194fc529fe?width=1200&format=jpeg,2025-01-07T14:42:04Z,"Neos is an Italian airline.Fabrizio Gandolfo/SOPA Images/LightRocket via Getty Images
<ul><li>I took an eight-hour flight with Italian airline Neos from New York to Palermo.</li><li>I booked a one-w… [+4091 chars]",0.04545454545454545,Medium Risk,None
"{'id': None, 'name': 'Cheezburger.com'}","Remy Millisky, Remy Millisky","Teenager weighs down entitled customer's car with 30 bags of concrete: '[They're] on your car, just like you asked'","When a dude in his 50s tried to tell a teenager what to do, the teen agreed… but the teenager still got the last laugh! 
You can try to tell a teenager what to do, but they're not necessarily going to listen to you. They might roll their eyes, scoff at you, …",https://cheezburger.com/38420229/teenager-weighs-down-entitled-customers-car-with-30-bags-of-concrete-theyre-on-your-car-just-like,https://i.chzbgr.com/original/38420229/hF646430A/teenagers-bosses-work-malicious-compliance-reddit-concrete-workplace-malicious-compliance-reddit,2024-12-27T16:00:00Z,"When a dude in his 50s tried to tell a teenager what to do, the teen agreed but the teenager still got the last laugh! 
You can try to tell a teenager what to do, but they're not necessarily going t… [+1206 chars]",0.09375,Medium Risk,None
